"email","subject","message"
"ddd@ddd.com","Email Subject Here","This is the message body."
"newemaiL@email.com","New Subject Here","This is the new subject body."
"thisnew@email.com","Some Subject","Some new message"
"test@email.com","Crazy Subject","Even crazier text."
"wasnutes@muts.com","Crazy Crazy","Crazy is as crazy does.!"
"sometest@email.com","This Subject","That message is crazy as all getout. Lets do this again, said 'Mike'."
"ttt@dtdt.com","Wacked Subject","Whooooot"
"tttasd@dtdt.com","Wacked Subject 2","Whooooot!"
"tut@mtm.com","Racka","Nuck Nuck"
